{"x": 1.7883606520535704, "y": 11.191602053977244, "raw_x": 2.4842727420253943, "raw_y": 12.236512410070036, "estimated_distances": [5.530417596779363, 1.2115276586285884, 3.915235823523805, 3.76782964726437, 1.0797751623277096, 0.8576958985908941, 1.9952623149688795, 7.517808504409083], "environment_quality": {"quality": "poor", "stability": "low", "median_rssi": -85.5, "range_rssi": 23.0}, "accuracy_estimate": 4.5, "converged": true, "anchors_used": 8, "cost": 6.427644287539938}