{
    "beacon_1": -49.26333333333333,
    "beacon_2": -49.32090909090909,
    "beacon_3": -53.446666666666665,
    "beacon_4": -55.31727272727273,
    "beacon_5": -54.58666666666667,
    "beacon_6": -48.32909090909091,
    "beacon_7": -45.67,
    "beacon_8": -53.400909090909096
}