{"x": -12.579658937829771, "y": 10.073241174676145, "raw_x": -12.581354380193416, "raw_y": 10.073404720235715, "estimated_distances": [0.15848931924611134, 1.4962356560944334, 1.1220184543019633, 2.371373705661655, 3.1622776601683795, 1.4962356560944334, 1.9952623149688795, 3.1622776601683795], "environment_quality": {"quality": "fair", "stability": "low", "median_rssi": -69.75, "range_rssi": 26.0}, "accuracy_estimate": 2.6999999999999997, "converged": true, "anchors_used": 8, "cost": 2.051367140002818}