{"x": 1.5890335062523542, "y": 12.95324353258452, "raw_x": 1.5878709259689845, "raw_y": 12.951492131730578, "estimated_distances": [1.4677992676220695, 1.3081774742601942, 4.392966846937854, 1.525222956539019, 3.4894576007304385, 1.6468978654828685, 4.743416490252569, 8.435119877855236], "environment_quality": {"quality": "poor", "stability": "low", "median_rssi": -83.75, "range_rssi": 19.0}, "accuracy_estimate": 4.5, "converged": true, "anchors_used": 8, "cost": 8.758888722473435}