{"x": 5.682057282606172, "y": 31.068421048773335, "raw_x": 5.682042735946365, "raw_y": 31.068401093738025, "estimated_distances": [3.9810717055349722, 2.51188643150958, 4.466835921509632, 1.4962356560944334, 0.5956621435290105, 2.9853826189179595, 4.216965034285822, 2.9853826189179595], "environment_quality": {"quality": "fair", "stability": "low", "median_rssi": -74.5, "range_rssi": 17.5}, "accuracy_estimate": 2.6999999999999997, "converged": true, "anchors_used": 8, "cost": 6.557464515488577}