{
  "beacon_3": {
    "P_tx": -35.18745673542851,
    "n": 1.255507615427524,
    "r2": 0.7644485611237568,
    "samples": 85
  },
  "beacon_1": {
    "P_tx": -35.18745673542851,
    "n": 1.255507615427524,
    "r2": 0.7644485611237568,
    "samples": 85
  },
  "beacon_2": {
    "P_tx": -35.18745673542851,
    "n": 1.255507615427524,
    "r2": 0.7644485611237568,
    "samples": 85
  },
  "beacon_4": {
    "P_tx": -35.18745673542851,
    "n": 1.255507615427524,
    "r2": 0.7644485611237568,
    "samples": 85
  },
  "beacon_5": {
    "P_tx": -35.18745673542851,
    "n": 1.255507615427524,
    "r2": 0.7644485611237568,
    "samples": 85
  },
  "beacon_6": {
    "P_tx": -35.18745673542851,
    "n": 1.255507615427524,
    "r2": 0.7644485611237568,
    "samples": 85
  },
  "beacon_7": {
    "P_tx": -35.18745673542851,
    "n": 1.255507615427524,
    "r2": 0.7644485611237568,
    "samples": 85
    },
    "beacon_8": {
    "P_tx": -35.18745673542851,
    "n": 1.255507615427524,
    "r2": 0.7644485611237568,
    "samples": 85
    }
}